八王子,拝島,高麗川,倉賀野,新前橋,小山,友部,我孫子,新松戸,成田,松岸,佐倉,成東,大網,蘇我,千葉,西船橋,南船橋,市川塩浜,錦糸町,東京,神田,秋葉原,お茶ノ水,日暮里,赤羽,南浦和,武蔵浦和,大宮,田端,新宿,代々木,品川,川崎,尻手,武蔵小杉,西国分寺,立川,橋本,浜川崎,海芝浦,鶴見,東神奈川,横浜,磯子,大船,茅ヶ崎,府中本町,安房鴨川
*,1,,,,,,,,,,,,,,,,,,,,,,,,,,,,,,,,,,,,1,1,,,,,,,,,,
1,*,1,,,,,,,,,,,,,,,,,,,,,,,,,,,,,,,,,,,1,,,,,,,,,,,
,1,*,1,,,,,,,,,,,,,,,,,,,,,,,,,1,,,,,,,,,,,,,,,,,,,,
,,1,*,1,,,,,,,,,,,,,,,,,,,,,,,,1,,,,,,,,,,,,,,,,,,,,
,,,1,*,1,,,,,,,,,,,,,,,,,,,,,,,,,,,,,,,,,,,,,,,,,,,
,,,,1,*,1,,,,,,,,,,,,,,,,,,,,,,1,,,,,,,,,,,,,,,,,,,,
,,,,,1,*,1,,,,,,,,,,,,,,,,,,,,,,,,,,,,,,,,,,,,,,,,,
,,,,,,1,*,1,1,,,,,,,,,,,,,,,,,,,,,,,,,,,,,,,,,,,,,,,
,,,,,,,1,*,,,,,,,,1,,,,,,,,1,,1,,,,,,,,,,,,,,,,,,,,,,
,,,,,,,1,,*,1,1,,,,,,,,,,,,,,,,,,,,,,,,,,,,,,,,,,,,,
,,,,,,,,,1,*,,1,,,,,,,,,,,,,,,,,,,,,,,,,,,,,,,,,,,,
,,,,,,,,,1,,*,1,,,1,,,,,,,,,,,,,,,,,,,,,,,,,,,,,,,,,
,,,,,,,,,,1,1,*,1,,,,,,,,,,,,,,,,,,,,,,,,,,,,,,,,,,,
,,,,,,,,,,,,1,*,,1,,,,,,,,,,,,,,,,,,,,,,,,,,,,,,,,,1
,,,,,,,,,,,,,,*,1,,1,,,,,,,,,,,,,,,,,,,,,,,,,,,,,,,1
,,,,,,,,,,,1,,1,1,*,1,,,,,,,,,,,,,,,,,,,,,,,,,,,,,,,,
,,,,,,,,1,,,,,,,1,*,1,1,1,,,,,,,,,,,,,,,,,,,,,,,,,,,,,
,,,,,,,,,,,,,,1,,1,*,1,,,,,,,,,,,,,,,,,,,,,,,,,,,,,,
,,,,,,,,,,,,,,,,1,1,*,,1,,,,,,,,,,,,,,,,,,,,,,,,,,,,
,,,,,,,,,,,,,,,,1,,,*,1,,1,,,,,,,,,,,,,,,,,,,,,,,,,,
,,,,,,,,,,,,,,,,,,1,1,*,1,,,,,,,,,,,1,,,,,,,,,,,,,,,,
,,,,,,,,,,,,,,,,,,,,1,*,1,1,,,,,,,,,,,,,,,,,,,,,,,,,
,,,,,,,,,,,,,,,,,,,1,,1,*,1,1,,,,,,,,,,,,,,,,,,,,,,,,
,,,,,,,,,,,,,,,,,,,,,1,1,*,,,,,,,1,1,,,,,,,,,,,,,,,,,
,,,,,,,,1,,,,,,,,,,,,,,1,,*,1,,,,1,,,,,,,,,,,,,,,,,,,
,,,,,,,,,,,,,,,,,,,,,,,,1,*,1,1,,1,,,,,,,,,,,,,,,,,,,
,,,,,,,,1,,,,,,,,,,,,,,,,,1,*,1,1,,,,,,,,,,,,,,,,,,,,
,,,,,,,,,,,,,,,,,,,,,,,,,1,1,*,1,,,,,,,,1,,,,,,,,,,,,
,,1,1,,1,,,,,,,,,,,,,,,,,,,,,1,1,*,,,,,,,,,,,,,,,,,,,,
,,,,,,,,,,,,,,,,,,,,,,,,1,1,,,,*,1,,,,,,,,,,,,,,,,,,
,,,,,,,,,,,,,,,,,,,,,,,1,,,,,,1,*,1,,,,,,,,,,,,,,,,,
,,,,,,,,,,,,,,,,,,,,,,,1,,,,,,,1,*,1,,,,,,,,,,,,,,,,
,,,,,,,,,,,,,,,,,,,,1,,,,,,,,,,,1,*,1,,1,,,,,,,,,,,,,
,,,,,,,,,,,,,,,,,,,,,,,,,,,,,,,,1,*,1,,,,,,,1,,,,,,,
,,,,,,,,,,,,,,,,,,,,,,,,,,,,,,,,,1,*,1,,,,1,,,,,,,,,
,,,,,,,,,,,,,,,,,,,,,,,,,,,,,,,,1,,1,*,,,,,,1,,,,,,1,
,,,,,,,,,,,,,,,,,,,,,,,,,,,1,,,,,,,,,*,1,,,,,,,,,,1,
1,1,,,,,,,,,,,,,,,,,,,,,,,,,,,,,,,,,,,1,*,,,,,,,,,,1,
1,,,,,,,,,,,,,,,,,,,,,,,,,,,,,,,,,,,,,,*,,,,1,,,,1,,
,,,,,,,,,,,,,,,,,,,,,,,,,,,,,,,,,,1,,,,,*,,1,,,,,,,
,,,,,,,,,,,,,,,,,,,,,,,,,,,,,,,,,,,,,,,,*,,,,,,,,
,,,,,,,,,,,,,,,,,,,,,,,,,,,,,,,,,1,,1,,,,1,,*,1,,,,,,
,,,,,,,,,,,,,,,,,,,,,,,,,,,,,,,,,,,,,,1,,,1,*,1,,,,,
,,,,,,,,,,,,,,,,,,,,,,,,,,,,,,,,,,,,,,,,,,1,*,1,1,,,
,,,,,,,,,,,,,,,,,,,,,,,,,,,,,,,,,,,,,,,,,,,1,*,1,,,
,,,,,,,,,,,,,,,,,,,,,,,,,,,,,,,,,,,,,,,,,,,1,1,*,1,,
,,,,,,,,,,,,,,,,,,,,,,,,,,,,,,,,,,,,,,1,,,,,,,1,*,,
,,,,,,,,,,,,,,,,,,,,,,,,,,,,,,,,,,,1,1,1,,,,,,,,,,*,
,,,,,,,,,,,,,1,1,,,,,,,,,,,,,,,,,,,,,,,,,,,,,,,,,,*
