品川,東京,市川塩浜,西船橋,新松戸,日暮里,秋葉原,神田,お茶ノ水,新宿,代々木,品川,
品川,東京,市川塩浜,西船橋,新松戸,日暮里,秋葉原,神田,お茶ノ水,代々木,品川,
品川,東京,市川塩浜,西船橋,新松戸,日暮里,秋葉原,お茶ノ水,新宿,代々木,品川,
品川,東京,市川塩浜,西船橋,新松戸,日暮里,秋葉原,お茶ノ水,代々木,品川,
品川,東京,市川塩浜,西船橋,新松戸,日暮里,赤羽,武蔵浦和,西国分寺,府中本町,武蔵小杉,品川,
品川,東京,市川塩浜,西船橋,新松戸,日暮里,赤羽,田端,新宿,お茶ノ水,代々木,品川,
品川,東京,市川塩浜,西船橋,新松戸,日暮里,赤羽,田端,新宿,代々木,品川,
品川,東京,市川塩浜,西船橋,新松戸,日暮里,田端,新宿,お茶ノ水,代々木,品川,
品川,東京,市川塩浜,西船橋,新松戸,日暮里,田端,新宿,代々木,品川,
品川,東京,市川塩浜,西船橋,新松戸,南浦和,赤羽,日暮里,秋葉原,お茶ノ水,代々木,品川,
品川,東京,市川塩浜,西船橋,新松戸,南浦和,赤羽,日暮里,田端,新宿,代々木,品川,
品川,東京,市川塩浜,西船橋,新松戸,南浦和,赤羽,武蔵浦和,西国分寺,府中本町,武蔵小杉,品川,
品川,東京,市川塩浜,西船橋,新松戸,南浦和,赤羽,田端,新宿,お茶ノ水,代々木,品川,
品川,東京,市川塩浜,西船橋,新松戸,南浦和,赤羽,田端,新宿,代々木,品川,
品川,東京,市川塩浜,西船橋,新松戸,南浦和,武蔵浦和,赤羽,田端,新宿,代々木,品川,
品川,東京,市川塩浜,西船橋,新松戸,南浦和,武蔵浦和,西国分寺,立川,府中本町,武蔵小杉,品川,
品川,東京,市川塩浜,西船橋,新松戸,南浦和,武蔵浦和,西国分寺,府中本町,武蔵小杉,品川,
品川,東京,市川塩浜,西船橋,新松戸,南浦和,大宮,武蔵浦和,西国分寺,府中本町,武蔵小杉,品川,
品川,東京,市川塩浜,西船橋,錦糸町,秋葉原,神田,お茶ノ水,新宿,代々木,品川,
品川,東京,市川塩浜,西船橋,錦糸町,秋葉原,神田,お茶ノ水,代々木,品川,
品川,東京,市川塩浜,西船橋,錦糸町,秋葉原,お茶ノ水,新宿,代々木,品川,
品川,東京,市川塩浜,西船橋,錦糸町,秋葉原,お茶ノ水,代々木,品川,
品川,東京,市川塩浜,西船橋,錦糸町,秋葉原,日暮里,赤羽,田端,新宿,代々木,品川,
品川,東京,市川塩浜,西船橋,錦糸町,秋葉原,日暮里,田端,新宿,お茶ノ水,代々木,品川,
品川,東京,市川塩浜,西船橋,錦糸町,秋葉原,日暮里,田端,新宿,代々木,品川,
品川,東京,市川塩浜,南船橋,蘇我,千葉,西船橋,錦糸町,秋葉原,お茶ノ水,代々木,品川,
品川,東京,市川塩浜,南船橋,西船橋,新松戸,日暮里,秋葉原,神田,お茶ノ水,代々木,品川,
品川,東京,市川塩浜,南船橋,西船橋,新松戸,日暮里,秋葉原,お茶ノ水,新宿,代々木,品川,
品川,東京,市川塩浜,南船橋,西船橋,新松戸,日暮里,秋葉原,お茶ノ水,代々木,品川,
品川,東京,市川塩浜,南船橋,西船橋,新松戸,日暮里,赤羽,田端,新宿,代々木,品川,
品川,東京,市川塩浜,南船橋,西船橋,新松戸,日暮里,田端,新宿,お茶ノ水,代々木,品川,
品川,東京,市川塩浜,南船橋,西船橋,新松戸,日暮里,田端,新宿,代々木,品川,
品川,東京,市川塩浜,南船橋,西船橋,新松戸,南浦和,赤羽,田端,新宿,代々木,品川,
品川,東京,市川塩浜,南船橋,西船橋,新松戸,南浦和,武蔵浦和,西国分寺,府中本町,武蔵小杉,品川,
品川,東京,市川塩浜,南船橋,西船橋,錦糸町,秋葉原,神田,お茶ノ水,新宿,代々木,品川,
品川,東京,市川塩浜,南船橋,西船橋,錦糸町,秋葉原,神田,お茶ノ水,代々木,品川,
品川,東京,市川塩浜,南船橋,西船橋,錦糸町,秋葉原,お茶ノ水,新宿,代々木,品川,
品川,東京,市川塩浜,南船橋,西船橋,錦糸町,秋葉原,お茶ノ水,代々木,品川,
品川,東京,市川塩浜,南船橋,西船橋,錦糸町,秋葉原,日暮里,田端,新宿,代々木,品川,
品川,東京,錦糸町,西船橋,新松戸,日暮里,秋葉原,神田,お茶ノ水,新宿,代々木,品川,
品川,東京,錦糸町,西船橋,新松戸,日暮里,秋葉原,神田,お茶ノ水,代々木,品川,
品川,東京,錦糸町,西船橋,新松戸,日暮里,秋葉原,お茶ノ水,新宿,代々木,品川,
品川,東京,錦糸町,西船橋,新松戸,日暮里,秋葉原,お茶ノ水,代々木,品川,
品川,東京,錦糸町,西船橋,新松戸,日暮里,赤羽,武蔵浦和,西国分寺,府中本町,武蔵小杉,品川,
品川,東京,錦糸町,西船橋,新松戸,日暮里,赤羽,田端,新宿,お茶ノ水,代々木,品川,
品川,東京,錦糸町,西船橋,新松戸,日暮里,赤羽,田端,新宿,代々木,品川,
品川,東京,錦糸町,西船橋,新松戸,日暮里,田端,新宿,お茶ノ水,代々木,品川,
品川,東京,錦糸町,西船橋,新松戸,日暮里,田端,新宿,代々木,品川,
品川,東京,錦糸町,西船橋,新松戸,南浦和,赤羽,日暮里,秋葉原,お茶ノ水,代々木,品川,
品川,東京,錦糸町,西船橋,新松戸,南浦和,赤羽,日暮里,田端,新宿,代々木,品川,
品川,東京,錦糸町,西船橋,新松戸,南浦和,赤羽,武蔵浦和,西国分寺,府中本町,武蔵小杉,品川,
品川,東京,錦糸町,西船橋,新松戸,南浦和,赤羽,田端,新宿,お茶ノ水,代々木,品川,
品川,東京,錦糸町,西船橋,新松戸,南浦和,赤羽,田端,新宿,代々木,品川,
品川,東京,錦糸町,西船橋,新松戸,南浦和,武蔵浦和,赤羽,田端,新宿,代々木,品川,
品川,東京,錦糸町,西船橋,新松戸,南浦和,武蔵浦和,西国分寺,立川,府中本町,武蔵小杉,品川,
品川,東京,錦糸町,西船橋,新松戸,南浦和,武蔵浦和,西国分寺,府中本町,武蔵小杉,品川,
品川,東京,錦糸町,西船橋,新松戸,南浦和,大宮,武蔵浦和,西国分寺,府中本町,武蔵小杉,品川,
品川,東京,錦糸町,秋葉原,神田,お茶ノ水,新宿,代々木,品川,
品川,東京,錦糸町,秋葉原,神田,お茶ノ水,代々木,品川,
品川,東京,錦糸町,秋葉原,お茶ノ水,新宿,代々木,品川,
品川,東京,錦糸町,秋葉原,お茶ノ水,代々木,品川,
品川,東京,錦糸町,秋葉原,日暮里,新松戸,南浦和,赤羽,田端,新宿,代々木,品川,
品川,東京,錦糸町,秋葉原,日暮里,新松戸,南浦和,武蔵浦和,西国分寺,府中本町,武蔵小杉,品川,
品川,東京,錦糸町,秋葉原,日暮里,赤羽,南浦和,武蔵浦和,西国分寺,府中本町,武蔵小杉,品川,
品川,東京,錦糸町,秋葉原,日暮里,赤羽,武蔵浦和,西国分寺,立川,府中本町,武蔵小杉,品川,
品川,東京,錦糸町,秋葉原,日暮里,赤羽,武蔵浦和,西国分寺,府中本町,武蔵小杉,品川,
品川,東京,錦糸町,秋葉原,日暮里,赤羽,田端,新宿,お茶ノ水,代々木,品川,
品川,東京,錦糸町,秋葉原,日暮里,赤羽,田端,新宿,代々木,品川,
品川,東京,錦糸町,秋葉原,日暮里,田端,赤羽,武蔵浦和,西国分寺,府中本町,武蔵小杉,品川,
品川,東京,錦糸町,秋葉原,日暮里,田端,新宿,お茶ノ水,代々木,品川,
品川,東京,錦糸町,秋葉原,日暮里,田端,新宿,代々木,品川,
品川,東京,神田,秋葉原,錦糸町,西船橋,新松戸,日暮里,田端,新宿,代々木,品川,
品川,東京,神田,秋葉原,お茶ノ水,新宿,代々木,品川,
品川,東京,神田,秋葉原,お茶ノ水,代々木,品川,
品川,東京,神田,秋葉原,日暮里,新松戸,南浦和,赤羽,田端,新宿,代々木,品川,
品川,東京,神田,秋葉原,日暮里,新松戸,南浦和,武蔵浦和,西国分寺,府中本町,武蔵小杉,品川,
品川,東京,神田,秋葉原,日暮里,赤羽,南浦和,武蔵浦和,西国分寺,府中本町,武蔵小杉,品川,
品川,東京,神田,秋葉原,日暮里,赤羽,武蔵浦和,西国分寺,立川,府中本町,武蔵小杉,品川,
品川,東京,神田,秋葉原,日暮里,赤羽,武蔵浦和,西国分寺,府中本町,武蔵小杉,品川,
品川,東京,神田,秋葉原,日暮里,赤羽,田端,新宿,お茶ノ水,代々木,品川,
品川,東京,神田,秋葉原,日暮里,赤羽,田端,新宿,代々木,品川,
品川,東京,神田,秋葉原,日暮里,田端,赤羽,武蔵浦和,西国分寺,府中本町,武蔵小杉,品川,
品川,東京,神田,秋葉原,日暮里,田端,新宿,お茶ノ水,代々木,品川,
品川,東京,神田,秋葉原,日暮里,田端,新宿,代々木,品川,
品川,東京,神田,お茶ノ水,秋葉原,日暮里,赤羽,武蔵浦和,西国分寺,府中本町,武蔵小杉,品川,
品川,東京,神田,お茶ノ水,秋葉原,日暮里,赤羽,田端,新宿,代々木,品川,
品川,東京,神田,お茶ノ水,秋葉原,日暮里,田端,新宿,代々木,品川,
品川,東京,神田,お茶ノ水,新宿,田端,赤羽,武蔵浦和,西国分寺,府中本町,武蔵小杉,品川,
品川,東京,神田,お茶ノ水,新宿,代々木,品川,
品川,東京,神田,お茶ノ水,代々木,品川,
品川,代々木,お茶ノ水,神田,東京,品川,
品川,代々木,お茶ノ水,神田,秋葉原,錦糸町,西船橋,南船橋,市川塩浜,東京,品川,
品川,代々木,お茶ノ水,神田,秋葉原,錦糸町,西船橋,市川塩浜,東京,品川,
品川,代々木,お茶ノ水,神田,秋葉原,錦糸町,東京,品川,
品川,代々木,お茶ノ水,神田,秋葉原,日暮里,新松戸,西船橋,南船橋,市川塩浜,東京,品川,
品川,代々木,お茶ノ水,神田,秋葉原,日暮里,新松戸,西船橋,市川塩浜,東京,品川,
品川,代々木,お茶ノ水,神田,秋葉原,日暮里,新松戸,西船橋,錦糸町,東京,品川,
品川,代々木,お茶ノ水,神田,秋葉原,日暮里,赤羽,武蔵浦和,西国分寺,府中本町,武蔵小杉,品川,
品川,代々木,お茶ノ水,秋葉原,錦糸町,西船橋,千葉,蘇我,南船橋,市川塩浜,東京,品川,
品川,代々木,お茶ノ水,秋葉原,錦糸町,西船橋,南船橋,市川塩浜,東京,品川,
品川,代々木,お茶ノ水,秋葉原,錦糸町,西船橋,市川塩浜,東京,品川,
品川,代々木,お茶ノ水,秋葉原,錦糸町,東京,品川,
品川,代々木,お茶ノ水,秋葉原,神田,東京,品川,
品川,代々木,お茶ノ水,秋葉原,日暮里,新松戸,西船橋,南船橋,市川塩浜,東京,品川,
品川,代々木,お茶ノ水,秋葉原,日暮里,新松戸,西船橋,市川塩浜,東京,品川,
品川,代々木,お茶ノ水,秋葉原,日暮里,新松戸,西船橋,錦糸町,東京,品川,
品川,代々木,お茶ノ水,秋葉原,日暮里,新松戸,南浦和,武蔵浦和,西国分寺,府中本町,武蔵小杉,品川,
品川,代々木,お茶ノ水,秋葉原,日暮里,赤羽,南浦和,新松戸,西船橋,市川塩浜,東京,品川,
品川,代々木,お茶ノ水,秋葉原,日暮里,赤羽,南浦和,新松戸,西船橋,錦糸町,東京,品川,
品川,代々木,お茶ノ水,秋葉原,日暮里,赤羽,南浦和,武蔵浦和,西国分寺,府中本町,武蔵小杉,品川,
品川,代々木,お茶ノ水,秋葉原,日暮里,赤羽,武蔵浦和,西国分寺,立川,府中本町,武蔵小杉,品川,
品川,代々木,お茶ノ水,秋葉原,日暮里,赤羽,武蔵浦和,西国分寺,府中本町,武蔵小杉,品川,
品川,代々木,お茶ノ水,秋葉原,日暮里,田端,赤羽,武蔵浦和,西国分寺,府中本町,武蔵小杉,品川,
品川,代々木,お茶ノ水,新宿,田端,日暮里,新松戸,西船橋,南船橋,市川塩浜,東京,品川,
品川,代々木,お茶ノ水,新宿,田端,日暮里,新松戸,西船橋,市川塩浜,東京,品川,
品川,代々木,お茶ノ水,新宿,田端,日暮里,新松戸,西船橋,錦糸町,東京,品川,
品川,代々木,お茶ノ水,新宿,田端,日暮里,秋葉原,錦糸町,西船橋,市川塩浜,東京,品川,
品川,代々木,お茶ノ水,新宿,田端,日暮里,秋葉原,錦糸町,東京,品川,
品川,代々木,お茶ノ水,新宿,田端,日暮里,秋葉原,神田,東京,品川,
品川,代々木,お茶ノ水,新宿,田端,日暮里,赤羽,武蔵浦和,西国分寺,府中本町,武蔵小杉,品川,
品川,代々木,お茶ノ水,新宿,田端,赤羽,日暮里,新松戸,西船橋,市川塩浜,東京,品川,
品川,代々木,お茶ノ水,新宿,田端,赤羽,日暮里,新松戸,西船橋,錦糸町,東京,品川,
品川,代々木,お茶ノ水,新宿,田端,赤羽,日暮里,秋葉原,錦糸町,東京,品川,
品川,代々木,お茶ノ水,新宿,田端,赤羽,日暮里,秋葉原,神田,東京,品川,
品川,代々木,お茶ノ水,新宿,田端,赤羽,南浦和,新松戸,西船橋,市川塩浜,東京,品川,
品川,代々木,お茶ノ水,新宿,田端,赤羽,南浦和,新松戸,西船橋,錦糸町,東京,品川,
品川,代々木,お茶ノ水,新宿,田端,赤羽,南浦和,武蔵浦和,西国分寺,府中本町,武蔵小杉,品川,
品川,代々木,お茶ノ水,新宿,田端,赤羽,武蔵浦和,西国分寺,立川,府中本町,武蔵小杉,品川,
品川,代々木,お茶ノ水,新宿,田端,赤羽,武蔵浦和,西国分寺,府中本町,武蔵小杉,品川,
品川,代々木,新宿,お茶ノ水,神田,東京,品川,
品川,代々木,新宿,お茶ノ水,神田,秋葉原,錦糸町,西船橋,南船橋,市川塩浜,東京,品川,
品川,代々木,新宿,お茶ノ水,神田,秋葉原,錦糸町,西船橋,市川塩浜,東京,品川,
品川,代々木,新宿,お茶ノ水,神田,秋葉原,錦糸町,東京,品川,
品川,代々木,新宿,お茶ノ水,神田,秋葉原,日暮里,新松戸,西船橋,市川塩浜,東京,品川,
品川,代々木,新宿,お茶ノ水,神田,秋葉原,日暮里,新松戸,西船橋,錦糸町,東京,品川,
品川,代々木,新宿,お茶ノ水,秋葉原,錦糸町,西船橋,南船橋,市川塩浜,東京,品川,
品川,代々木,新宿,お茶ノ水,秋葉原,錦糸町,西船橋,市川塩浜,東京,品川,
品川,代々木,新宿,お茶ノ水,秋葉原,錦糸町,東京,品川,
品川,代々木,新宿,お茶ノ水,秋葉原,神田,東京,品川,
品川,代々木,新宿,お茶ノ水,秋葉原,日暮里,新松戸,西船橋,南船橋,市川塩浜,東京,品川,
品川,代々木,新宿,お茶ノ水,秋葉原,日暮里,新松戸,西船橋,市川塩浜,東京,品川,
品川,代々木,新宿,お茶ノ水,秋葉原,日暮里,新松戸,西船橋,錦糸町,東京,品川,
品川,代々木,新宿,お茶ノ水,秋葉原,日暮里,赤羽,武蔵浦和,西国分寺,府中本町,武蔵小杉,品川,
品川,代々木,新宿,田端,日暮里,新松戸,西船橋,南船橋,市川塩浜,東京,品川,
品川,代々木,新宿,田端,日暮里,新松戸,西船橋,市川塩浜,東京,品川,
品川,代々木,新宿,田端,日暮里,新松戸,西船橋,錦糸町,東京,品川,
品川,代々木,新宿,田端,日暮里,新松戸,西船橋,錦糸町,秋葉原,神田,東京,品川,
品川,代々木,新宿,田端,日暮里,新松戸,南浦和,武蔵浦和,西国分寺,府中本町,武蔵小杉,品川,
品川,代々木,新宿,田端,日暮里,秋葉原,錦糸町,西船橋,南船橋,市川塩浜,東京,品川,
品川,代々木,新宿,田端,日暮里,秋葉原,錦糸町,西船橋,市川塩浜,東京,品川,
品川,代々木,新宿,田端,日暮里,秋葉原,錦糸町,東京,品川,
品川,代々木,新宿,田端,日暮里,秋葉原,神田,東京,品川,
品川,代々木,新宿,田端,日暮里,秋葉原,お茶ノ水,神田,東京,品川,
品川,代々木,新宿,田端,日暮里,赤羽,南浦和,新松戸,西船橋,市川塩浜,東京,品川,
品川,代々木,新宿,田端,日暮里,赤羽,南浦和,新松戸,西船橋,錦糸町,東京,品川,
品川,代々木,新宿,田端,日暮里,赤羽,南浦和,武蔵浦和,西国分寺,府中本町,武蔵小杉,品川,
品川,代々木,新宿,田端,日暮里,赤羽,武蔵浦和,西国分寺,立川,府中本町,武蔵小杉,品川,
品川,代々木,新宿,田端,日暮里,赤羽,武蔵浦和,西国分寺,府中本町,武蔵小杉,品川,
品川,代々木,新宿,田端,赤羽,日暮里,新松戸,西船橋,南船橋,市川塩浜,東京,品川,
品川,代々木,新宿,田端,赤羽,日暮里,新松戸,西船橋,市川塩浜,東京,品川,
品川,代々木,新宿,田端,赤羽,日暮里,新松戸,西船橋,錦糸町,東京,品川,
品川,代々木,新宿,田端,赤羽,日暮里,秋葉原,錦糸町,西船橋,市川塩浜,東京,品川,
品川,代々木,新宿,田端,赤羽,日暮里,秋葉原,錦糸町,東京,品川,
品川,代々木,新宿,田端,赤羽,日暮里,秋葉原,神田,東京,品川,
品川,代々木,新宿,田端,赤羽,日暮里,秋葉原,お茶ノ水,神田,東京,品川,
品川,代々木,新宿,田端,赤羽,南浦和,新松戸,西船橋,南船橋,市川塩浜,東京,品川,
品川,代々木,新宿,田端,赤羽,南浦和,新松戸,西船橋,市川塩浜,東京,品川,
品川,代々木,新宿,田端,赤羽,南浦和,新松戸,西船橋,錦糸町,東京,品川,
品川,代々木,新宿,田端,赤羽,南浦和,新松戸,日暮里,秋葉原,錦糸町,東京,品川,
品川,代々木,新宿,田端,赤羽,南浦和,新松戸,日暮里,秋葉原,神田,東京,品川,
品川,代々木,新宿,田端,赤羽,南浦和,武蔵浦和,西国分寺,立川,府中本町,武蔵小杉,品川,
品川,代々木,新宿,田端,赤羽,南浦和,武蔵浦和,西国分寺,府中本町,武蔵小杉,品川,
品川,代々木,新宿,田端,赤羽,南浦和,大宮,武蔵浦和,西国分寺,府中本町,武蔵小杉,品川,
品川,代々木,新宿,田端,赤羽,武蔵浦和,南浦和,新松戸,西船橋,市川塩浜,東京,品川,
品川,代々木,新宿,田端,赤羽,武蔵浦和,南浦和,新松戸,西船橋,錦糸町,東京,品川,
品川,代々木,新宿,田端,赤羽,武蔵浦和,西国分寺,立川,府中本町,武蔵小杉,品川,
品川,代々木,新宿,田端,赤羽,武蔵浦和,西国分寺,府中本町,武蔵小杉,品川,
品川,代々木,新宿,田端,赤羽,武蔵浦和,西国分寺,府中本町,武蔵小杉,尻手,川崎,品川,
品川,代々木,新宿,田端,赤羽,武蔵浦和,西国分寺,府中本町,武蔵小杉,鶴見,川崎,品川,
品川,川崎,尻手,武蔵小杉,品川,
品川,川崎,尻手,武蔵小杉,府中本町,西国分寺,武蔵浦和,赤羽,田端,新宿,代々木,品川,
品川,川崎,尻手,浜川崎,鶴見,武蔵小杉,品川,
品川,川崎,尻手,浜川崎,鶴見,東神奈川,橋本,八王子,立川,府中本町,武蔵小杉,品川,
品川,川崎,鶴見,武蔵小杉,品川,
品川,川崎,鶴見,武蔵小杉,府中本町,西国分寺,武蔵浦和,赤羽,田端,新宿,代々木,品川,
品川,川崎,鶴見,浜川崎,尻手,武蔵小杉,品川,
品川,川崎,鶴見,東神奈川,橋本,八王子,拝島,立川,西国分寺,府中本町,武蔵小杉,品川,
品川,川崎,鶴見,東神奈川,橋本,八王子,拝島,立川,府中本町,武蔵小杉,品川,
品川,川崎,鶴見,東神奈川,橋本,八王子,立川,西国分寺,府中本町,武蔵小杉,品川,
品川,川崎,鶴見,東神奈川,橋本,八王子,立川,府中本町,武蔵小杉,品川,
品川,武蔵小杉,尻手,川崎,品川,
品川,武蔵小杉,尻手,浜川崎,鶴見,川崎,品川,
品川,武蔵小杉,鶴見,川崎,品川,
品川,武蔵小杉,鶴見,浜川崎,尻手,川崎,品川,
品川,武蔵小杉,府中本町,西国分寺,武蔵浦和,赤羽,日暮里,新松戸,西船橋,市川塩浜,東京,品川,
品川,武蔵小杉,府中本町,西国分寺,武蔵浦和,赤羽,日暮里,新松戸,西船橋,錦糸町,東京,品川,
品川,武蔵小杉,府中本町,西国分寺,武蔵浦和,赤羽,日暮里,秋葉原,錦糸町,東京,品川,
品川,武蔵小杉,府中本町,西国分寺,武蔵浦和,赤羽,日暮里,秋葉原,神田,東京,品川,
品川,武蔵小杉,府中本町,西国分寺,武蔵浦和,赤羽,日暮里,秋葉原,神田,お茶ノ水,代々木,品川,
品川,武蔵小杉,府中本町,西国分寺,武蔵浦和,赤羽,日暮里,秋葉原,お茶ノ水,神田,東京,品川,
品川,武蔵小杉,府中本町,西国分寺,武蔵浦和,赤羽,日暮里,秋葉原,お茶ノ水,新宿,代々木,品川,
品川,武蔵小杉,府中本町,西国分寺,武蔵浦和,赤羽,日暮里,秋葉原,お茶ノ水,代々木,品川,
品川,武蔵小杉,府中本町,西国分寺,武蔵浦和,赤羽,日暮里,田端,新宿,お茶ノ水,代々木,品川,
品川,武蔵小杉,府中本町,西国分寺,武蔵浦和,赤羽,日暮里,田端,新宿,代々木,品川,
品川,武蔵小杉,府中本町,西国分寺,武蔵浦和,赤羽,南浦和,新松戸,西船橋,市川塩浜,東京,品川,
品川,武蔵小杉,府中本町,西国分寺,武蔵浦和,赤羽,南浦和,新松戸,西船橋,錦糸町,東京,品川,
品川,武蔵小杉,府中本町,西国分寺,武蔵浦和,赤羽,田端,日暮里,秋葉原,錦糸町,東京,品川,
品川,武蔵小杉,府中本町,西国分寺,武蔵浦和,赤羽,田端,日暮里,秋葉原,神田,東京,品川,
品川,武蔵小杉,府中本町,西国分寺,武蔵浦和,赤羽,田端,日暮里,秋葉原,お茶ノ水,代々木,品川,
品川,武蔵小杉,府中本町,西国分寺,武蔵浦和,赤羽,田端,新宿,お茶ノ水,神田,東京,品川,
品川,武蔵小杉,府中本町,西国分寺,武蔵浦和,赤羽,田端,新宿,お茶ノ水,代々木,品川,
品川,武蔵小杉,府中本町,西国分寺,武蔵浦和,赤羽,田端,新宿,代々木,品川,
品川,武蔵小杉,府中本町,西国分寺,武蔵浦和,南浦和,新松戸,西船橋,南船橋,市川塩浜,東京,品川,
品川,武蔵小杉,府中本町,西国分寺,武蔵浦和,南浦和,新松戸,西船橋,市川塩浜,東京,品川,
品川,武蔵小杉,府中本町,西国分寺,武蔵浦和,南浦和,新松戸,西船橋,錦糸町,東京,品川,
品川,武蔵小杉,府中本町,西国分寺,武蔵浦和,南浦和,新松戸,日暮里,秋葉原,錦糸町,東京,品川,
品川,武蔵小杉,府中本町,西国分寺,武蔵浦和,南浦和,新松戸,日暮里,秋葉原,神田,東京,品川,
品川,武蔵小杉,府中本町,西国分寺,武蔵浦和,南浦和,新松戸,日暮里,秋葉原,お茶ノ水,代々木,品川,
品川,武蔵小杉,府中本町,西国分寺,武蔵浦和,南浦和,新松戸,日暮里,田端,新宿,代々木,品川,
品川,武蔵小杉,府中本町,西国分寺,武蔵浦和,南浦和,赤羽,日暮里,秋葉原,錦糸町,東京,品川,
品川,武蔵小杉,府中本町,西国分寺,武蔵浦和,南浦和,赤羽,日暮里,秋葉原,神田,東京,品川,
品川,武蔵小杉,府中本町,西国分寺,武蔵浦和,南浦和,赤羽,日暮里,秋葉原,お茶ノ水,代々木,品川,
品川,武蔵小杉,府中本町,西国分寺,武蔵浦和,南浦和,赤羽,日暮里,田端,新宿,代々木,品川,
品川,武蔵小杉,府中本町,西国分寺,武蔵浦和,南浦和,赤羽,田端,新宿,お茶ノ水,代々木,品川,
品川,武蔵小杉,府中本町,西国分寺,武蔵浦和,南浦和,赤羽,田端,新宿,代々木,品川,
品川,武蔵小杉,府中本町,西国分寺,武蔵浦和,大宮,南浦和,新松戸,西船橋,市川塩浜,東京,品川,
品川,武蔵小杉,府中本町,西国分寺,武蔵浦和,大宮,南浦和,新松戸,西船橋,錦糸町,東京,品川,
品川,武蔵小杉,府中本町,西国分寺,武蔵浦和,大宮,南浦和,赤羽,田端,新宿,代々木,品川,
品川,武蔵小杉,府中本町,西国分寺,立川,八王子,橋本,東神奈川,鶴見,川崎,品川,
品川,武蔵小杉,府中本町,西国分寺,立川,拝島,八王子,橋本,東神奈川,鶴見,川崎,品川,
品川,武蔵小杉,府中本町,立川,八王子,橋本,東神奈川,鶴見,川崎,品川,
品川,武蔵小杉,府中本町,立川,八王子,橋本,東神奈川,鶴見,浜川崎,尻手,川崎,品川,
品川,武蔵小杉,府中本町,立川,拝島,八王子,橋本,東神奈川,鶴見,川崎,品川,
品川,武蔵小杉,府中本町,立川,西国分寺,武蔵浦和,赤羽,日暮里,秋葉原,錦糸町,東京,品川,
品川,武蔵小杉,府中本町,立川,西国分寺,武蔵浦和,赤羽,日暮里,秋葉原,神田,東京,品川,
品川,武蔵小杉,府中本町,立川,西国分寺,武蔵浦和,赤羽,日暮里,秋葉原,お茶ノ水,代々木,品川,
品川,武蔵小杉,府中本町,立川,西国分寺,武蔵浦和,赤羽,日暮里,田端,新宿,代々木,品川,
品川,武蔵小杉,府中本町,立川,西国分寺,武蔵浦和,赤羽,田端,新宿,お茶ノ水,代々木,品川,
品川,武蔵小杉,府中本町,立川,西国分寺,武蔵浦和,赤羽,田端,新宿,代々木,品川,
品川,武蔵小杉,府中本町,立川,西国分寺,武蔵浦和,南浦和,新松戸,西船橋,市川塩浜,東京,品川,
品川,武蔵小杉,府中本町,立川,西国分寺,武蔵浦和,南浦和,新松戸,西船橋,錦糸町,東京,品川,
品川,武蔵小杉,府中本町,立川,西国分寺,武蔵浦和,南浦和,赤羽,田端,新宿,代々木,品川,
